weight_name,avg_similarity,timestamp,weight_metafield_data,weight_collections,weight_tags,weight_product_type,weight_vendor,weight_variant_size,weight_variant_color,weight_variant_other,weight_numerical,weight_time_features,weight_release_quarter,weight_seasons
gen9_ind18,0.35300638089921593,2025-03-30 18:59:54,2.160332975735178,0.8989912179504448,4.536282792880327,0.1810688457194397,8.603462297126695,0.8554019480956209,2.7673603843910892,0.5822019969806326,9.310210491254292,0.2145975311596638,3.012534635880085,9.850241161964018
gen10_ind11,0.35225598546124903,2025-03-30 18:59:55,2.160332975735178,0.28932810763210026,3.0467741295338255,0.1810688457194397,9.378343436680703,0.8554019480956209,3.830242514275978,5.1171376510415305,2.756882084879436,0.41079936312017906,3.012534635880085,1.679684745218786
gen10_ind9,0.3401178181152969,2025-03-30 18:59:55,2.160332975735178,0.8989912179504448,6.944399052384699,0.1810688457194397,8.603462297126695,0.8554019480956209,3.830242514275978,0.5822019969806326,0.3485031640367652,0.41079936312017906,0.8017062986729927,0.8752768283013711
gen9_ind17,0.3365788590703582,2025-03-30 18:59:54,2.160332975735178,0.8989912179504448,5.156478396713938,0.1810688457194397,8.603462297126695,1.4479199803654623,3.431905648494669,0.5822019969806326,6.688347231740136,0.41079936312017906,0.3537103443400078,7.6357999860818655
gen10_ind1,0.3357453571721963,2025-03-30 18:59:54,2.160332975735178,0.8989912179504448,6.4591029927455335,0.1810688457194397,8.603462297126695,1.4479199803654623,2.7673603843910892,0.5822019969806326,2.2896440290966455,0.319320077260197,5.5613164369143995,9.850241161964018
gen9_ind7,0.3355018118540341,2025-03-30 18:59:54,6.141678584485901,0.8989912179504448,4.536282792880327,0.1810688457194397,8.603462297126695,1.4479199803654623,2.7673603843910892,0.5822019969806326,0.3485031640367652,0.41079936312017906,0.8017062986729927,0.8752768283013711
gen8_ind7,0.3345680991246495,2025-03-30 18:59:53,7.848318330218338,0.8989912179504448,4.536282792880327,0.1810688457194397,8.603462297126695,1.4479199803654623,2.7673603843910892,0.5822019969806326,0.46934071948600997,0.41079936312017906,0.8017062986729927,0.8752768283013711
gen10_ind10,0.3343155085257572,2025-03-30 18:59:55,8.58803220875025,0.6653297706063336,4.536282792880327,0.1810688457194397,8.603462297126695,1.4479199803654623,3.431905648494669,0.5822019969806326,6.688347231740136,0.41079936312017906,3.383854285304601,7.435819373716583
gen8_ind10,0.33268045378358,2025-03-30 18:59:53,2.160332975735178,0.8989912179504448,2.6169431087238597,0.1810688457194397,8.603462297126695,0.8554019480956209,3.431905648494669,0.5822019969806326,6.688347231740136,0.41079936312017906,3.012534635880085,2.0543604174285757
gen7_ind9,0.33263679190260625,2025-03-30 18:59:52,3.9396087837548386,0.8989912179504448,4.536282792880327,0.1810688457194397,8.603462297126695,1.4479199803654623,2.7673603843910892,0.5822019969806326,7.049079421248773,0.41079936312017906,0.8017062986729927,0.8752768283013711
gen6_ind8,0.332292615552513,2025-03-30 18:59:51,7.848318330218338,0.8989912179504448,4.536282792880327,0.1810688457194397,8.603462297126695,1.4479199803654623,3.431905648494669,0.5822019969806326,6.688347231740136,0.41079936312017906,0.8017062986729927,2.0543604174285757
gen7_ind15,0.3316884167658948,2025-03-30 18:59:52,3.702445452742807,0.8989912179504448,2.963749967403679,0.1810688457194397,8.830136262104611,1.4479199803654623,3.431905648494669,0.4223989248660377,5.519159978755681,0.40014866842511543,3.401786513420645,1.9434474220190603
gen9_ind19,0.3307396836354442,2025-03-30 18:59:54,8.869586663011757,0.8989912179504448,1.1126336332663633,0.1810688457194397,8.603462297126695,1.4479199803654623,3.431905648494669,0.5822019969806326,0.9188564193172232,0.41079936312017906,1.8712417876962515,1.679684745218786
gen8_ind5,0.32983403316188564,2025-03-30 18:59:52,3.9396087837548386,0.8989912179504448,1.1126336332663633,0.1810688457194397,8.603462297126695,1.4479199803654623,3.431905648494669,0.5822019969806326,3.871454173974825,0.41079936312017906,1.8712417876962515,0.1273208784716014
gen9_ind15,0.32859405887484167,2025-03-30 18:59:54,2.160332975735178,0.8989912179504448,6.4591029927455335,0.1810688457194397,8.603462297126695,1.4479199803654623,3.431905648494669,0.5822019969806326,2.2896440290966455,0.41079936312017906,3.012534635880085,2.0543604174285757
gen10_ind4,0.32838300549556143,2025-03-30 18:59:55,7.47550783785188,1.0971426734554988,9.378824846570616,0.1810688457194397,8.603462297126695,1.4479199803654623,2.7673603843910892,0.5822019969806326,3.871454173974825,0.41079936312017906,0.8017062986729927,2.0543604174285757
gen9_ind11,0.32832254352758244,2025-03-30 18:59:54,6.66253032352683,0.28932810763210026,5.371285117417694,7.303315528329658,6.068661714799924,1.4479199803654623,3.431905648494669,0.5822019969806326,3.871454173974825,0.41079936312017906,3.012534635880085,1.679684745218786
gen6_ind1,0.32826410514408333,2025-03-30 18:59:50,3.9396087837548386,0.8989912179504448,2.6316154610806892,0.1810688457194397,0.7721931936152101,1.4479199803654623,3.431905648494669,0.5822019969806326,7.049079421248773,0.41079936312017906,3.012534635880085,6.8201336702169755
gen7_ind12,0.32808021168621215,2025-03-30 18:59:52,4.854482390956769,0.8989912179504448,6.925274585510554,0.1810688457194397,0.7721931936152101,1.4479199803654623,5.285319547337549,0.5822019969806326,3.871454173974825,0.41079936312017906,3.012534635880085,1.9463101999069479
gen7_ind4,0.32774602506324596,2025-03-30 18:59:51,7.848318330218338,0.8989912179504448,4.536282792880327,0.1810688457194397,8.603462297126695,1.4479199803654623,3.431905648494669,0.5822019969806326,7.049079421248773,0.41079936312017906,3.012534635880085,6.8201336702169755
gen10_ind6,0.3239539189897659,2025-03-30 18:59:55,2.160332975735178,0.8989912179504448,6.944399052384699,0.1810688457194397,8.603462297126695,1.4479199803654623,1.5833319449143026,4.051588644448682,3.6538837834606688,0.41079936312017906,0.3537103443400078,7.6357999860818655
gen7_ind18,0.32232797317052525,2025-03-30 18:59:52,3.9396087837548386,0.8989912179504448,1.1126336332663633,0.1810688457194397,2.0126106949633016,3.9332602577565354,3.431905648494669,0.5822019969806326,3.871454173974825,0.40014866842511543,0.8017062986729927,2.0543604174285757
gen10_ind14,0.3218044746164444,2025-03-30 18:59:55,6.141678584485901,0.8989912179504448,4.536282792880327,0.1810688457194397,5.81630302687008,1.9627542303882652,3.431905648494669,4.445384195062441,0.3485031640367652,0.41079936312017906,0.3537103443400078,2.256672669191437
gen10_ind18,0.3214422473040799,2025-03-30 18:59:55,2.160332975735178,0.8989912179504448,5.563686539738353,0.1810688457194397,8.769971811143671,1.4479199803654623,0.5617545614885358,1.619012028312468,6.688347231740136,0.41079936312017906,7.851020968323594,7.6357999860818655
gen4_ind9,0.32116392734710736,2025-03-30 18:59:49,3.9396087837548386,0.8989912179504448,3.070055156656051,0.1810688457194397,3.1492074986786487,3.9332602577565354,3.431905648494669,0.5822019969806326,7.049079421248773,0.41079936312017906,0.8017062986729927,2.0543604174285757
gen10_ind3,0.31887527395190024,2025-03-30 18:59:54,7.848318330218338,0.8989912179504448,4.536282792880327,0.1810688457194397,8.603462297126695,4.7897769567011155,2.7673603843910892,0.5822019969806326,0.46934071948600997,0.41079936312017906,1.8712417876962515,7.207054388125946
gen10_ind5,0.3185166309870406,2025-03-30 18:59:55,7.848318330218338,0.8989912179504448,4.536282792880327,0.1810688457194397,8.603462297126695,4.589391101058509,3.830242514275978,0.5822019969806326,0.46934071948600997,0.41079936312017906,2.9119904868398647,5.218101620881811
gen10_ind2,0.3182843289509784,2025-03-30 18:59:54,7.848318330218338,0.8989912179504448,4.536282792880327,0.1810688457194397,8.603462297126695,1.4479199803654623,3.6611662758767802,8.1119983792153,2.902578224632222,0.41079936312017906,0.8017062986729927,0.8752768283013711
gen8_ind12,0.31744773692612677,2025-03-30 18:59:53,7.848318330218338,0.8989912179504448,4.124191794517025,0.9159909253018874,6.068661714799924,1.4479199803654623,3.431905648494669,0.5822019969806326,3.871454173974825,0.41079936312017906,3.012534635880085,1.679684745218786
gen9_ind6,0.3173453718821804,2025-03-30 18:59:54,2.160332975735178,0.8989912179504448,6.944399052384699,0.1810688457194397,9.378343436680703,0.8554019480956209,3.830242514275978,9.849844529129383,6.688347231740136,0.41079936312017906,7.851020968323594,2.0543604174285757
gen8_ind16,0.31689347401797724,2025-03-30 18:59:53,7.47550783785188,0.8989912179504448,4.284211496297555,0.1810688457194397,2.0693035432058298,3.9332602577565354,1.1090060162530777,0.5822019969806326,3.730721645701374,0.41079936312017906,4.429960939892811,6.8201336702169755
gen7_ind14,0.31682084760601453,2025-03-30 18:59:52,4.854482390956769,0.8989912179504448,4.536282792880327,0.1810688457194397,3.1492074986786487,3.9332602577565354,1.1090060162530777,0.5822019969806326,6.349796763929135,0.41079936312017906,4.429960939892811,6.8201336702169755
gen6_ind19,0.3158524823419371,2025-03-30 18:59:51,4.854482390956769,0.8989912179504448,3.070055156656051,0.1810688457194397,3.1492074986786487,3.9332602577565354,3.431905648494669,0.5822019969806326,7.049079421248773,0.41079936312017906,4.429960939892811,6.8201336702169755
gen6_ind2,0.3158375469290177,2025-03-30 18:59:50,3.9396087837548386,0.8989912179504448,3.070055156656051,0.1810688457194397,3.1492074986786487,3.9332602577565354,3.431905648494669,0.5822019969806326,7.049079421248773,0.41079936312017906,4.690726755536987,2.0543604174285757
gen9_ind13,0.3154260378052374,2025-03-30 18:59:54,5.135762037069003,0.8989912179504448,1.1126336332663633,0.1810688457194397,8.603462297126695,4.7897769567011155,3.431905648494669,0.5822019969806326,3.871454173974825,0.41079936312017906,1.8712417876962515,7.207054388125946
gen7_ind17,0.31485955397812554,2025-03-30 18:59:52,4.854482390956769,0.8989912179504448,6.541965870678116,0.1810688457194397,2.0126106949633016,1.4479199803654623,3.431905648494669,7.3039556397309715,3.730721645701374,0.40014866842511543,5.103710515148055,2.0543604174285757
gen6_ind12,0.31481447517518013,2025-03-30 18:59:51,4.854482390956769,0.8989912179504448,2.963749967403679,0.1810688457194397,2.0126106949633016,1.4479199803654623,3.431905648494669,7.3039556397309715,3.871454173974825,0.40014866842511543,5.605683038872015,5.073532590899063
gen8_ind11,0.31480638077675543,2025-03-30 18:59:53,4.854482390956769,0.8989912179504448,7.478010811851149,0.1810688457194397,4.049243202810659,1.4479199803654623,1.1090060162530777,9.412249186955448,6.349796763929135,0.41079936312017906,4.429960939892811,6.8201336702169755
gen5_ind13,0.3147483548112976,2025-03-30 18:59:50,3.9396087837548386,0.8989912179504448,3.070055156656051,2.9002502071175145,0.7721931936152101,1.4479199803654623,3.431905648494669,0.5822019969806326,4.375640564448162,0.41079936312017906,0.8017062986729927,2.0543604174285757
gen5_ind8,0.31387331864105517,2025-03-30 18:59:50,7.848318330218338,0.8989912179504448,4.536282792880327,0.1810688457194397,8.603462297126695,6.785535842997469,3.431905648494669,0.5822019969806326,7.049079421248773,0.41079936312017906,0.8017062986729927,2.0543604174285757
gen10_ind7,0.3136148995861875,2025-03-30 18:59:55,2.160332975735178,8.520363190807709,5.156478396713938,0.1810688457194397,8.603462297126695,1.4479199803654623,0.5491762450980779,0.5822019969806326,6.9455647572840435,0.41079936312017906,0.3537103443400078,7.6357999860818655
default,0.3133077294900833,2025-03-30 18:59:44,1.5,1.2,2.0,2.0,0.8,0.8,0.8,0.8,0.7,0.5,0.5,0.8
gen9_ind4,0.3132668033411201,2025-03-30 18:59:53,1.2049971002634814,0.8989912179504448,9.30168699807092,0.1810688457194397,8.603462297126695,9.932252442255283,0.5491762450980779,0.5822019969806326,6.9455647572840435,0.40014866842511543,0.8017062986729927,0.8752768283013711
gen9_ind10,0.31204346376306374,2025-03-30 18:59:54,3.702445452742807,0.8989912179504448,2.963749967403679,0.15049272078631779,8.830136262104611,7.6289342235549675,4.245484896397732,0.4223989248660377,4.033584187647256,0.41079936312017906,3.401786513420645,1.8728109320050672
gen9_ind3,0.3117805393245235,2025-03-30 18:59:53,3.9396087837548386,0.8989912179504448,9.30168699807092,4.5853375722226755,1.4122013435226846,1.4479199803654623,4.835912589307426,0.5822019969806326,7.049079421248773,0.41079936312017906,0.8017062986729927,0.8752768283013711
gen8_ind1,0.31046537868424445,2025-03-30 18:59:52,3.9396087837548386,0.8989912179504448,9.30168699807092,0.1810688457194397,8.603462297126695,9.932252442255283,3.431905648494669,0.5822019969806326,3.871454173974825,0.40014866842511543,0.8017062986729927,0.8752768283013711
gen9_ind16,0.3100363174641906,2025-03-30 18:59:54,7.848318330218338,0.8989912179504448,4.536282792880327,0.1810688457194397,8.603462297126695,9.06379155672752,2.7673603843910892,0.5822019969806326,0.46934071948600997,0.41079936312017906,4.585569507219701,0.8752768283013711
gen8_ind6,0.3098917041528527,2025-03-30 18:59:53,3.9396087837548386,0.8989912179504448,2.2281331469438306,0.1810688457194397,3.1492074986786487,3.9332602577565354,3.431905648494669,2.761521319505055,7.049079421248773,0.41079936312017906,0.8017062986729927,2.0543604174285757
gen6_ind10,0.30977672439756976,2025-03-30 18:59:51,7.47550783785188,0.8989912179504448,6.541965870678116,2.9002502071175145,0.7721931936152101,1.4479199803654623,3.431905648494669,0.5822019969806326,3.730721645701374,0.41079936312017906,4.429960939892811,2.0543604174285757
gen6_ind3,0.30968144273393206,2025-03-30 18:59:50,7.848318330218338,0.8989912179504448,4.536282792880327,8.605808440726642,8.603462297126695,1.4479199803654623,3.431905648494669,0.5822019969806326,7.049079421248773,0.41079936312017906,0.8017062986729927,2.0543604174285757
gen8_ind15,0.3087914360529419,2025-03-30 18:59:53,3.702445452742807,0.8989912179504448,2.963749967403679,7.209538394008285,8.830136262104611,1.4479199803654623,7.889981559396454,0.4223989248660377,4.033584187647256,0.41079936312017906,3.401786513420645,1.8728109320050672
gen9_ind9,0.3086419112263132,2025-03-30 18:59:54,7.47550783785188,6.285088135917491,9.378824846570616,0.1810688457194397,8.603462297126695,1.4479199803654623,3.431905648494669,0.5822019969806326,3.871454173974825,0.41079936312017906,0.8017062986729927,2.0543604174285757
gen8_ind2,0.30853587303013724,2025-03-30 18:59:52,7.47550783785188,6.285088135917491,4.536282792880327,0.1810688457194397,8.603462297126695,1.4479199803654623,3.431905648494669,0.5822019969806326,6.688347231740136,0.41079936312017906,0.8017062986729927,2.0543604174285757
gen7_ind8,0.3083498627679764,2025-03-30 18:59:52,3.9396087837548386,0.8989912179504448,3.070055156656051,0.1810688457194397,3.1492074986786487,3.9332602577565354,3.431905648494669,2.761521319505055,7.049079421248773,0.41079936312017906,1.1992385484713737,2.2960204424998825
gen9_ind5,0.3075936963200634,2025-03-30 18:59:54,7.47550783785188,0.8989912179504448,4.284211496297555,0.1810688457194397,6.068661714799924,3.9332602577565354,3.431905648494669,8.1119983792153,3.871454173974825,0.41079936312017906,0.5104732768484233,2.7772757082079567
gen5_ind17,0.30617960398477007,2025-03-30 18:59:50,3.355069313666816,4.260326621795953,5.624672734053783,0.1810688457194397,0.7721931936152101,1.4479199803654623,1.6751487403079155,0.5822019969806326,3.186757542892395,0.41079936312017906,6.097682826385436,3.0933925920914276
gen4_ind12,0.3059081006242195,2025-03-30 18:59:49,4.854482390956769,4.260326621795953,2.8913532880508286,0.1810688457194397,0.7721931936152101,1.4479199803654623,1.6751487403079155,0.5822019969806326,5.940272461425961,0.41079936312017906,6.097682826385436,6.8201336702169755
gen6_ind14,0.3045983983585628,2025-03-30 18:59:51,3.702445452742807,2.2325156119734006,0.7363945899364042,0.1810688457194397,8.830136262104611,4.104158241497072,3.431905648494669,0.5822019969806326,5.519159978755681,0.40014866842511543,3.401786513420645,2.0543604174285757
gen6_ind17,0.30449845002758424,2025-03-30 18:59:51,4.854482390956769,0.8989912179504448,2.6316154610806892,1.26180094531809,0.7721931936152101,4.245461319721461,3.431905648494669,0.5822019969806326,6.938205293803525,0.41079936312017906,4.429960939892811,6.8201336702169755
gen5_ind12,0.30430609389815544,2025-03-30 18:59:50,4.854482390956769,4.921782142983266,2.6316154610806892,0.1810688457194397,0.7721931936152101,1.4479199803654623,3.431905648494669,0.5822019969806326,5.940272461425961,0.41079936312017906,4.429960939892811,6.8201336702169755
gen10_ind13,0.304236389940544,2025-03-30 18:59:55,7.47550783785188,6.285088135917491,4.536282792880327,0.1810688457194397,8.603462297126695,1.4479199803654623,2.7673603843910892,0.5822019969806326,0.3485031640367652,0.41079936312017906,3.893960865673378,2.54175121255562
gen5_ind18,0.3037985779435997,2025-03-30 18:59:50,4.854482390956769,4.921782142983266,2.963749967403679,0.1810688457194397,6.843798628240402,1.4479199803654623,3.431905648494669,0.5822019969806326,5.940272461425961,0.41079936312017906,6.097682826385436,5.073532590899063
gen8_ind4,0.30294435620204196,2025-03-30 18:59:52,5.490088225677421,0.485946583042721,3.8095564278409833,2.5063391128816064,5.681384279227151,1.4479199803654623,7.049964050032477,0.4223989248660377,5.519159978755681,0.83353090189109,3.401786513420645,7.638876498488845
gen9_ind12,0.30289138766011015,2025-03-30 18:59:54,7.47550783785188,0.8989912179504448,4.124191794517025,0.1810688457194397,2.250094666204665,3.9332602577565354,3.431905648494669,8.804702761328349,3.730721645701374,0.41079936312017906,3.012534635880085,6.280149793368418
gen5_ind2,0.30256832752110985,2025-03-30 18:59:49,2.445997096473248,0.8989912179504448,2.6316154610806892,0.1810688457194397,8.830136262104611,4.104158241497072,3.431905648494669,7.3039556397309715,8.275188655801106,0.40014866842511543,5.605683038872015,2.0543604174285757
gen8_ind9,0.30232218494560653,2025-03-30 18:59:53,3.9396087837548386,0.8989912179504448,1.267146170910386,0.9901809666000532,0.7721931936152101,6.095510596846948,3.431905648494669,0.5822019969806326,4.2829150678194345,0.40014866842511543,4.429960939892811,6.072362461864263
gen6_ind16,0.3021603787475162,2025-03-30 18:59:51,6.541675734994805,2.394535306711533,1.690318169748289,0.1810688457194397,0.7721931936152101,4.332408956752967,1.6751487403079155,0.5822019969806326,5.940272461425961,0.41079936312017906,6.097682826385436,3.0933925920914276
gen7_ind13,0.3020132161620363,2025-03-30 18:59:52,7.47550783785188,6.285088135917491,6.541965870678116,0.1810688457194397,4.869142477056883,1.4479199803654623,3.431905648494669,0.5822019969806326,3.730721645701374,0.41079936312017906,9.830611311959734,8.697884673253805
gen7_ind6,0.30135871037480605,2025-03-30 18:59:51,2.445997096473248,0.8989912179504448,6.541965870678116,0.9901809666000532,0.7721931936152101,1.4479199803654623,3.431905648494669,9.815059421409497,3.730721645701374,0.41079936312017906,4.429960939892811,6.072362461864263
gen6_ind9,0.30101161900262347,2025-03-30 18:59:51,6.793336779062228,6.285088135917491,7.0296436674225315,0.1810688457194397,3.1492074986786487,3.9332602577565354,3.431905648494669,0.5822019969806326,7.049079421248773,0.41079936312017906,0.8017062986729927,2.0543604174285757
gen5_ind7,0.3006631519224496,2025-03-30 18:59:49,3.9396087837548386,0.8989912179504448,3.070055156656051,0.1810688457194397,3.1492074986786487,6.785535842997469,1.6751487403079155,5.0402828286955925,6.938205293803525,0.41079936312017906,0.8017062986729927,0.8591534975926925
gen5_ind19,0.3005545357490109,2025-03-30 18:59:50,4.854482390956769,9.779100395665818,2.6316154610806892,0.1810688457194397,6.843798628240402,1.4479199803654623,1.6751487403079155,0.5822019969806326,5.940272461425961,0.41079936312017906,6.097682826385436,3.0933925920914276
gen8_ind14,0.29814412210578417,2025-03-30 18:59:53,7.47550783785188,0.8989912179504448,1.1126336332663633,9.402586482609953,2.0126106949633016,3.9332602577565354,2.27367840149398,0.5822019969806326,3.730721645701374,0.41079936312017906,8.45047732711373,2.0543604174285757
gen10_ind15,0.29808138494717856,2025-03-30 18:59:55,3.9396087837548386,0.8989912179504448,2.963749967403679,0.1810688457194397,8.603462297126695,5.846816996447854,7.889981559396454,5.145580258801466,6.688347231740136,0.40014866842511543,4.429960939892811,6.072362461864263
gen7_ind2,0.29760511180669963,2025-03-30 18:59:51,3.9396087837548386,6.503292146450607,4.536282792880327,0.1810688457194397,3.1492074986786487,1.4479199803654623,0.31246766997820546,6.384976118038787,7.049079421248773,0.41079936312017906,0.8017062986729927,2.0543604174285757
gen4_ind16,0.2966656363664658,2025-03-30 18:59:49,2.445997096473248,4.921782142983266,2.6316154610806892,0.1810688457194397,6.843798628240402,4.104158241497072,3.431905648494669,0.5822019969806326,5.940272461425961,0.41079936312017906,4.429960939892811,9.59892068778381
gen5_ind9,0.2964799186235095,2025-03-30 18:59:50,9.407190009104099,7.734451937929201,3.070055156656051,0.1810688457194397,6.843798628240402,3.9332602577565354,3.431905648494669,0.5822019969806326,6.938205293803525,0.41079936312017906,1.9348637207170154,9.59892068778381
gen10_ind19,0.29645713388188666,2025-03-30 18:59:55,7.848318330218338,0.8989912179504448,6.751438690524255,0.25039945022206056,8.603462297126695,7.983414141126053,5.696485147661776,4.894057533609416,0.46934071948600997,0.41079936312017906,1.8712417876962515,7.207054388125946
gen4_ind6,0.296293592847298,2025-03-30 18:59:48,2.7415723973875195,0.8989912179504448,4.536282792880327,0.1810688457194397,8.830136262104611,6.785535842997469,3.431905648494669,5.0402828286955925,6.938205293803525,0.40014866842511543,5.605683038872015,2.0543604174285757
gen10_ind16,0.2955346452863429,2025-03-30 18:59:55,2.160332975735178,7.70977489572024,4.536282792880327,3.5362650464288663,8.603462297126695,1.4479199803654623,3.494215971774715,0.5822019969806326,2.2896440290966455,0.41079936312017906,0.8017062986729927,2.0543604174285757
gen7_ind7,0.29425878227808333,2025-03-30 18:59:52,7.848318330218338,0.8989912179504448,5.300767839569457,8.605808440726642,8.603462297126695,6.89743612746404,0.9579065724451129,0.5822019969806326,3.186757542892395,0.41079936312017906,6.097682826385436,0.9052396133966452
gen7_ind11,0.29285662329231904,2025-03-30 18:59:52,4.854482390956769,0.8989912179504448,6.54396295391369,0.1810688457194397,5.681384279227151,3.9332602577565354,3.431905648494669,1.1476249386772563,3.871454173974825,0.83353090189109,2.1923692217464095,7.638876498488845
gen6_ind5,0.2924704777761072,2025-03-30 18:59:50,4.854482390956769,7.734451937929201,2.71890414532791,0.1810688457194397,1.9736763217694413,8.6058283958024,3.431905648494669,0.5822019969806326,1.2595426494225952,0.41079936312017906,1.662622326444879,8.30108637085869
gen6_ind13,0.29233819135356115,2025-03-30 18:59:51,2.445997096473248,0.8989912179504448,7.384156780881415,3.757472243969067,0.7721931936152101,1.4479199803654623,3.431905648494669,9.815059421409497,5.940272461425961,0.41079936312017906,6.097682826385436,6.072362461864263
gen8_ind18,0.2920622362123032,2025-03-30 18:59:53,3.9396087837548386,0.8989912179504448,4.536282792880327,0.1810688457194397,2.3948332274679376,3.9332602577565354,2.1275486350216344,0.5822019969806326,3.5523604162024514,1.0122845577966635,4.429960939892811,6.8201336702169755
gen7_ind19,0.29185097261478915,2025-03-30 18:59:52,3.9396087837548386,6.833796030338198,2.6316154610806892,1.6885305717337484,6.177866070575556,1.4479199803654623,3.431905648494669,0.5822019969806326,3.186757542892395,0.41079936312017906,6.097682826385436,6.8201336702169755
gen7_ind3,0.29181429904631806,2025-03-30 18:59:51,4.165133118651539,0.8989912179504448,3.577273505532853,0.1810688457194397,3.1492074986786487,8.330843604038122,3.431905648494669,9.482577568603167,7.049079421248773,0.41079936312017906,4.429960939892811,3.2016312318416285
gen2_ind14,0.29174619421924464,2025-03-30 18:59:47,3.355069313666816,4.260326621795953,2.6316154610806892,0.1810688457194397,6.843798628240402,9.335486837544597,3.431905648494669,0.5822019969806326,5.940272461425961,0.41079936312017906,4.429960939892811,3.0933925920914276
gen4_ind13,0.29172899493019866,2025-03-30 18:59:49,8.78751426269369,9.853438851630642,5.624672734053783,0.1810688457194397,0.7721931936152101,1.4479199803654623,1.6751487403079155,2.121900094548993,3.186757542892395,0.41079936312017906,6.097682826385436,6.421725375016692
gen2_ind2,0.2913976932544105,2025-03-30 18:59:46,0.8940514998643343,1.9236724197822201,2.8913532880508286,0.1810688457194397,0.7721931936152101,4.477788323212646,7.654778710641609,5.0402828286955925,5.940272461425961,0.41079936312017906,6.097682826385436,8.417304269113586
gen2_ind7,0.2911683726112953,2025-03-30 18:59:46,8.78751426269369,9.853438851630642,5.715590164776757,0.1810688457194397,0.7721931936152101,1.4479199803654623,3.431905648494669,5.317911434837158,4.375640564448162,0.41079936312017906,1.662622326444879,3.0933925920914276
gen4_ind11,0.2900581968468236,2025-03-30 18:59:49,0.25558337643232576,1.9236724197822201,2.71890414532791,0.1810688457194397,0.7721931936152101,8.850703024841005,0.825747397706135,4.133457340112245,4.375640564448162,0.41079936312017906,1.662622326444879,8.30108637085869
gen10_ind8,0.28895639804241147,2025-03-30 18:59:55,7.47550783785188,6.6301460843918845,4.284211496297555,0.1810688457194397,6.068661714799924,3.9332602577565354,3.431905648494669,8.1119983792153,0.9188564193172232,0.41079936312017906,0.5104732768484233,1.679684745218786
gen4_ind18,0.28885932176132845,2025-03-30 18:59:49,2.445997096473248,8.667781739970025,7.384156780881415,0.1810688457194397,6.843798628240402,1.4479199803654623,3.431905648494669,9.27673651724756,5.940272461425961,0.41079936312017906,2.9165663304471225,3.0933925920914276
gen4_ind3,0.2888124883055813,2025-03-30 18:59:48,8.78751426269369,9.853438851630642,2.6316154610806892,0.1810688457194397,0.7721931936152101,1.4479199803654623,1.6751487403079155,5.317911434837158,5.940272461425961,0.41079936312017906,6.097682826385436,3.0933925920914276
gen3_ind3,0.28880054977944114,2025-03-30 18:59:47,8.78751426269369,9.853438851630642,2.8913532880508286,0.1810688457194397,0.7721931936152101,1.4479199803654623,1.6751487403079155,5.317911434837158,5.940272461425961,0.41079936312017906,6.097682826385436,3.0933925920914276
gen3_ind16,0.2886650250577139,2025-03-30 18:59:48,0.8940514998643343,1.9236724197822201,2.6316154610806892,0.1810688457194397,0.7721931936152101,6.785535842997469,0.825747397706135,5.0402828286955925,6.938205293803525,0.41079936312017906,5.605683038872015,3.0933925920914276
gen5_ind6,0.2886596013068876,2025-03-30 18:59:49,3.9396087837548386,9.853438851630642,3.070055156656051,4.98909266207937,3.1492074986786487,1.4479199803654623,1.6751487403079155,0.5822019969806326,3.186757542892395,0.41079936312017906,6.097682826385436,0.9052396133966452
gen3_ind15,0.28860880446161197,2025-03-30 18:59:48,2.7415723973875195,0.8989912179504448,2.8913532880508286,4.388104860239809,8.830136262104611,3.9332602577565354,3.431905648494669,9.129314308862607,5.940272461425961,0.40014866842511543,0.8017062986729927,2.0543604174285757
gen1_ind3,0.2883814454944751,2025-03-30 18:59:45,8.78751426269369,9.853438851630642,2.6316154610806892,0.1810688457194397,0.7721931936152101,8.921813722153082,3.431905648494669,0.5822019969806326,5.940272461425961,0.41079936312017906,4.429960939892811,3.0933925920914276
gen0_ind17,0.28811461468095373,2025-03-30 18:59:45,3.355069313666816,9.853438851630642,2.6316154610806892,0.1810688457194397,6.843798628240402,9.335486837544597,3.431905648494669,0.5822019969806326,6.72560679729157,0.41079936312017906,4.429960939892811,8.158600706848656
gen5_ind15,0.2880311994286704,2025-03-30 18:59:50,2.445997096473248,8.667781739970025,7.384156780881415,0.1810688457194397,6.843798628240402,1.4479199803654623,3.431905648494669,9.27673651724756,5.940272461425961,0.41079936312017906,4.429960939892811,5.289717550401995
gen2_ind16,0.2879667096146824,2025-03-30 18:59:47,8.78751426269369,9.853438851630642,9.202206852449866,0.1810688457194397,1.8119279103244523,8.850703024841005,7.499346791706546,0.5822019969806326,5.940272461425961,0.41079936312017906,4.429960939892811,8.30108637085869
gen9_ind1,0.2871426069411734,2025-03-30 18:59:53,3.9396087837548386,9.042298054176392,5.302900648335697,0.9159909253018874,6.068661714799924,3.9332602577565354,3.431905648494669,0.5822019969806326,7.049079421248773,0.41079936312017906,3.012534635880085,1.5320724160243273
gen8_ind3,0.28655810694464795,2025-03-30 18:59:52,3.9396087837548386,6.117403095477095,3.070055156656051,3.794933091410039,8.603462297126695,5.665982126424315,2.7673603843910892,0.5822019969806326,7.049079421248773,0.41079936312017906,0.8017062986729927,2.2960204424998825
gen4_ind15,0.2845124396129919,2025-03-30 18:59:49,0.8940514998643343,1.9236724197822201,2.6316154610806892,0.1810688457194397,6.843798628240402,9.335486837544597,3.431905648494669,5.0402828286955925,5.940272461425961,0.41079936312017906,4.429960939892811,3.0933925920914276
gen2_ind10,0.2844734510585585,2025-03-30 18:59:46,1.022752336332984,1.9236724197822201,2.6316154610806892,0.1810688457194397,5.936531333745071,8.921813722153082,0.825747397706135,9.262491919586601,6.938205293803525,0.41079936312017906,5.605683038872015,3.0933925920914276
gen1_ind16,0.2839694941921414,2025-03-30 18:59:46,7.0862617730996496,2.8019266771394298,4.3765734853356175,1.7048934838682002,6.7375048237738016,9.335486837544597,6.540025541902242,0.5822019969806326,6.72560679729157,0.41079936312017906,4.429960939892811,4.858158672297534
gen1_ind14,0.28230374233733946,2025-03-30 18:59:46,3.355069313666816,2.8019266771394298,2.6316154610806892,4.269124080801214,6.734386903169106,8.850703024841005,8.293041781732814,0.5822019969806326,6.470798678926266,0.41079936312017906,4.429960939892811,8.158600706848656
gen9_ind2,0.2816293235996341,2025-03-30 18:59:53,3.9396087837548386,0.8989912179504448,2.963749967403679,6.035113455126025,0.7721931936152101,6.095510596846948,7.889981559396454,5.050372370517708,4.033584187647256,0.40014866842511543,4.429960939892811,6.072362461864263
gen1_ind7,0.28108647883055987,2025-03-30 18:59:45,2.7415723973875195,0.8989912179504448,3.9276642187529833,4.388104860239809,8.830136262104611,9.35765880333342,6.46204472127916,8.839984650463295,0.4506497698488202,0.40014866842511543,0.8017062986729927,0.7744728021166649
gen6_ind15,0.2810239549380893,2025-03-30 18:59:51,4.854482390956769,9.853438851630642,3.070055156656051,1.6885305717337484,6.177866070575556,6.89743612746404,0.9579065724451129,0.5822019969806326,3.186757542892395,0.41079936312017906,6.097682826385436,0.9052396133966452
gen2_ind4,0.28099488200156675,2025-03-30 18:59:46,2.7415723973875195,0.8989912179504448,3.9276642187529833,4.388104860239809,8.830136262104611,9.35765880333342,6.46204472127916,8.839984650463295,0.4506497698488202,0.40014866842511543,0.8017062986729927,8.158600706848656
gen5_ind11,0.28068517416047833,2025-03-30 18:59:50,2.7415723973875195,4.260326621795953,4.536282792880327,0.1810688457194397,8.830136262104611,6.785535842997469,1.6751487403079155,5.0402828286955925,6.938205293803525,0.41079936312017906,6.097682826385436,2.0543604174285757
gen8_ind17,0.28045560330768665,2025-03-30 18:59:53,1.285784269886585,6.503292146450607,4.536282792880327,9.435470913700616,3.1492074986786487,1.4479199803654623,0.31246766997820546,6.384976118038787,7.049079421248773,0.41079936312017906,0.8017062986729927,0.8752768283013711
gen3_ind11,0.28001283903605817,2025-03-30 18:59:48,2.445997096473248,9.314822647969093,2.8913532880508286,0.1810688457194397,6.843798628240402,4.104158241497072,3.431905648494669,9.27673651724756,5.940272461425961,0.41079936312017906,4.429960939892811,9.59892068778381
gen6_ind18,0.2799850547635581,2025-03-30 18:59:51,2.7415723973875195,4.260326621795953,3.070055156656051,0.1810688457194397,8.830136262104611,6.785535842997469,6.969681069880244,5.0402828286955925,7.049079421248773,0.41079936312017906,6.097682826385436,2.0543604174285757
gen0_ind7,0.27965183575901764,2025-03-30 18:59:44,2.7415723973875195,0.8989912179504448,3.9276642187529833,7.870995897948045,0.2811467559290982,9.35765880333342,6.46204472127916,8.839984650463295,0.4506497698488202,0.40014866842511543,0.8017062986729927,0.7744728021166649
gen6_ind4,0.2790194844998544,2025-03-30 18:59:50,2.445997096473248,3.050514600160084,3.070055156656051,4.98909266207937,3.1492074986786487,1.4479199803654623,1.6751487403079155,5.5520578740308295,3.186757542892395,0.43288888088134225,5.605683038872015,2.0543604174285757
gen0_ind1,0.2780685241136466,2025-03-30 18:59:44,7.0862617730996496,2.8019266771394298,3.9747837218548607,1.7048934838682002,7.892927286665567,8.850703024841005,6.540025541902242,9.262491919586601,6.470798678926266,0.291964278029874,5.408189121017236,4.858158672297534
gen4_ind14,0.27797726812040746,2025-03-30 18:59:49,3.355069313666816,4.260326621795953,2.8913532880508286,0.1810688457194397,6.843798628240402,9.335486837544597,3.431905648494669,5.317911434837158,5.940272461425961,0.41079936312017906,4.429960939892811,3.0933925920914276
gen5_ind16,0.27748505888652275,2025-03-30 18:59:50,0.25558337643232576,7.734451937929201,2.71890414532791,0.1810688457194397,1.9736763217694413,8.850703024841005,3.431905648494669,9.27673651724756,4.375640564448162,0.41079936312017906,1.662622326444879,8.30108637085869
gen2_ind1,0.2772414094149141,2025-03-30 18:59:46,3.2850311389879656,1.9236724197822201,2.8913532880508286,3.8615707243950417,4.9779205848633215,3.9332602577565354,3.431905648494669,9.129314308862607,5.940272461425961,0.41079936312017906,4.429960939892811,2.0543604174285757
gen3_ind12,0.27688001758915853,2025-03-30 18:59:48,0.25558337643232576,1.9236724197822201,2.6316154610806892,2.9002502071175145,0.7721931936152101,8.921813722153082,0.825747397706135,7.254454631755353,4.375640564448162,0.41079936312017906,1.662622326444879,3.0933925920914276
gen10_ind12,0.2767633819109907,2025-03-30 18:59:55,3.2956793878617523,3.8581887978886575,6.4591029927455335,7.392466451944901,8.603462297126695,1.4479199803654623,3.431905648494669,8.605569854373432,2.2896440290966455,0.41079936312017906,3.012534635880085,2.0543604174285757
gen4_ind19,0.2765605040997113,2025-03-30 18:59:49,8.78751426269369,9.853438851630642,2.6316154610806892,0.1810688457194397,0.7721931936152101,6.785535842997469,1.6751487403079155,5.0402828286955925,6.938205293803525,0.41079936312017906,7.156965286630011,0.8591534975926925
gen4_ind7,0.2764322911022257,2025-03-30 18:59:48,0.8940514998643343,7.734451937929201,2.6316154610806892,0.1810688457194397,6.843798628240402,6.785535842997469,3.431905648494669,9.27673651724756,6.938205293803525,0.41079936312017906,5.605683038872015,9.59892068778381
gen4_ind2,0.27637740496630125,2025-03-30 18:59:48,0.25558337643232576,9.376749730348614,2.8913532880508286,2.9002502071175145,0.7721931936152101,1.4479199803654623,1.6751487403079155,5.317911434837158,4.375640564448162,0.41079936312017906,6.097682826385436,3.0933925920914276
gen3_ind13,0.2753685375620396,2025-03-30 18:59:48,8.78751426269369,9.853438851630642,5.715590164776757,0.1810688457194397,8.830136262104611,8.850703024841005,3.431905648494669,8.839984650463295,4.375640564448162,0.41079936312017906,1.662622326444879,6.421725375016692
gen3_ind8,0.27455809953005683,2025-03-30 18:59:47,4.741809208143733,7.397393431194395,5.16115162631106,0.1810688457194397,6.843798628240402,9.335486837544597,3.431905648494669,6.972309272462143,5.940272461425961,0.41079936312017906,4.429960939892811,3.0933925920914276
gen4_ind17,0.2745285954125215,2025-03-30 18:59:49,4.741809208143733,7.397393431194395,5.16115162631106,0.1810688457194397,8.830136262104611,8.850703024841005,3.431905648494669,8.839984650463295,5.940272461425961,0.41079936312017906,4.429960939892811,3.0933925920914276
gen4_ind8,0.2692014257091594,2025-03-30 18:59:48,0.25558337643232576,4.945263560599042,2.6316154610806892,6.166027536525829,0.7721931936152101,8.921813722153082,0.825747397706135,7.254454631755353,4.375640564448162,0.41079936312017906,1.662622326444879,3.0933925920914276
gen3_ind1,0.2676446583617228,2025-03-30 18:59:47,3.1626188027164623,4.725847242384815,2.6316154610806892,7.557475990381123,0.7721931936152101,7.600866114485937,3.431905648494669,5.317911434837158,5.940272461425961,0.41079936312017906,4.429960939892811,0.19765579927368393
gen3_ind19,0.26726939105162417,2025-03-30 18:59:48,3.4851372528835136,6.023684926909467,3.9276642187529833,1.7048934838682002,8.830136262104611,8.850703024841005,6.46204472127916,8.839984650463295,8.599822509321864,0.40014866842511543,3.630042161613717,8.158600706848656
gen2_ind3,0.26691697814479026,2025-03-30 18:59:46,4.345781398314871,7.375504545562059,2.71890414532791,0.1810688457194397,1.1611981703335434,8.131018154239566,5.710271681586584,0.5822019969806326,3.4061456137054456,1.0779629115105738,2.5762817630482027,3.0933925920914276
gen3_ind5,0.2660951146235649,2025-03-30 18:59:47,3.355069313666816,4.260326621795953,2.8913532880508286,3.8615707243950417,4.9779205848633215,9.335486837544597,3.431905648494669,9.129314308862607,5.940272461425961,0.41079936312017906,4.429960939892811,2.0543604174285757
gen3_ind6,0.2653250522672845,2025-03-30 18:59:47,8.78751426269369,9.853438851630642,2.71890414532791,0.1810688457194397,1.1611981703335434,8.850703024841005,5.382075003192534,0.5822019969806326,5.940272461425961,1.0779629115105738,2.490902756705731,8.30108637085869
gen3_ind17,0.265245902426599,2025-03-30 18:59:48,6.858928323844838,9.853438851630642,9.202206852449866,0.1810688457194397,8.830136262104611,8.850703024841005,6.46204472127916,8.839984650463295,6.034727771924703,0.575049864412889,4.429960939892811,8.30108637085869
gen4_ind5,0.2645642428404142,2025-03-30 18:59:48,8.78751426269369,9.853438851630642,2.6316154610806892,8.281634134126506,3.1487655168956814,7.600866114485937,1.6751487403079155,5.317911434837158,5.940272461425961,0.41079936312017906,6.097682826385436,0.19765579927368393
gen4_ind4,0.26444296464814965,2025-03-30 18:59:48,3.355069313666816,5.084539638956392,4.49973775664796,4.801790521993432,6.843798628240402,9.335486837544597,3.431905648494669,8.839984650463295,4.375640564448162,0.41079936312017906,9.060789185523678,3.0933925920914276
gen5_ind10,0.263551246764681,2025-03-30 18:59:50,3.9396087837548386,0.8989912179504448,2.8913532880508286,0.1810688457194397,0.7721931936152101,1.4479199803654623,3.431905648494669,9.815059421409497,9.193488486593186,2.495561310772908,6.097682826385436,2.0543604174285757
gen7_ind1,0.26281228166185916,2025-03-30 18:59:51,4.854482390956769,0.8989912179504448,3.070055156656051,0.1810688457194397,1.3068390820850233,3.9332602577565354,3.3832883659435664,0.5822019969806326,6.684110575477346,3.842302835610575,4.429960939892811,2.0543604174285757
gen0_ind16,0.2623472400599922,2025-03-30 18:59:45,0.8940514998643343,6.023684926909467,6.527151901023974,7.984493147629769,1.8119279103244523,3.1777191309261523,6.163591049603558,5.17100653413731,5.928437522035994,0.575049864412889,6.97683968883052,8.558961131003121
gen6_ind6,0.26065271993153993,2025-03-30 18:59:50,3.9396087837548386,0.8989912179504448,0.29912598177305205,2.9002502071175145,0.7721931936152101,1.4479199803654623,3.431905648494669,1.3554996700721742,4.375640564448162,2.526877711471497,0.8017062986729927,2.0543604174285757
gen1_ind2,0.25989409497146654,2025-03-30 18:59:45,0.8940514998643343,6.023684926909467,6.527151901023974,1.7048934838682002,1.8119279103244523,8.850703024841005,9.727649541119892,5.17100653413731,5.928437522035994,0.575049864412889,6.97683968883052,4.858158672297534
gen5_ind1,0.25938055202900256,2025-03-30 18:59:49,2.445997096473248,8.667781739970025,1.605080392122636,0.1810688457194397,6.843798628240402,8.850703024841005,0.825747397706135,9.27673651724756,4.375640564448162,0.8761532623578662,1.662622326444879,3.0933925920914276
gen3_ind10,0.25866851363055837,2025-03-30 18:59:48,8.78751426269369,6.023684926909467,2.6316154610806892,1.9670769307797158,8.830136262104611,9.452575190442968,6.46204472127916,8.839984650463295,1.8146259287199749,0.575049864412889,4.429960939892811,0.5228778065695605
gen2_ind17,0.25851924461164694,2025-03-30 18:59:47,3.4851372528835136,6.023684926909467,3.9276642187529833,1.7048934838682002,8.830136262104611,8.850703024841005,6.46204472127916,8.839984650463295,8.599822509321864,0.575049864412889,6.97683968883052,4.858158672297534
gen9_ind8,0.25812682296393613,2025-03-30 18:59:54,3.9396087837548386,0.8989912179504448,1.1126336332663633,0.9159909253018874,8.603462297126695,1.4479199803654623,3.431905648494669,0.5822019969806326,3.871454173974825,4.018513851893958,3.012534635880085,1.679684745218786
gen7_ind10,0.2575879296541801,2025-03-30 18:59:52,3.447277050815287,0.8989912179504448,7.956106184361446,0.1810688457194397,3.1492074986786487,3.9332602577565354,3.431905648494669,0.5822019969806326,6.688347231740136,5.57791982333599,0.8017062986729927,6.8201336702169755
gen7_ind5,0.2573512795108795,2025-03-30 18:59:51,3.9396087837548386,0.8989912179504448,3.070055156656051,0.1810688457194397,3.1492074986786487,3.9332602577565354,1.1452248585936313,5.142067318342718,7.049079421248773,3.464035557788057,0.16850217744344986,0.5753912568495523
gen6_ind7,0.25698730029253103,2025-03-30 18:59:50,4.854482390956769,0.8989912179504448,3.070055156656051,2.9002502071175145,0.7721931936152101,1.4479199803654623,3.431905648494669,0.5822019969806326,4.375640564448162,3.2251232697696848,6.097682826385436,6.552398092037696
gen3_ind14,0.2555053990692512,2025-03-30 18:59:48,4.345781398314871,9.853438851630642,2.6316154610806892,4.812278952808337,0.7721931936152101,8.131018154239566,3.431905648494669,0.5822019969806326,3.4061456137054456,1.0779629115105738,4.429960939892811,3.3413223560208087
gen0_ind14,0.25545613119170146,2025-03-30 18:59:45,3.711159474636542,1.9236724197822201,2.8913532880508286,1.4154131169348232,4.9779205848633215,1.258502098458034,7.654778710641609,5.317911434837158,4.935036541163167,1.5199613730395032,5.605683038872015,2.0543604174285757
gen2_ind18,0.2552187096285622,2025-03-30 18:59:47,0.5950453366539805,1.9236724197822201,2.8913532880508286,1.7048934838682002,1.8119279103244523,1.258502098458034,7.654778710641609,5.17100653413731,5.928437522035994,1.5199613730395032,6.725471147844268,8.558961131003121
gen3_ind2,0.25508731118273986,2025-03-30 18:59:47,3.355069313666816,7.375504545562059,2.71890414532791,7.156354824819499,1.1611981703335434,9.335486837544597,7.801372428612748,0.5822019969806326,1.8238406207327669,1.0779629115105738,4.429960939892811,8.450223969183023
gen3_ind18,0.2541196436231536,2025-03-30 18:59:48,0.5950453366539805,1.9236724197822201,7.4220515315340405,1.7048934838682002,1.8119279103244523,1.258502098458034,8.07484263068363,9.10833814726895,3.8488336922399657,1.5199613730395032,6.725471147844268,2.1280376352780475
gen5_ind4,0.25318784824532703,2025-03-30 18:59:49,4.854482390956769,0.8989912179504448,4.536282792880327,0.1810688457194397,8.830136262104611,1.4479199803654623,3.7582638472838332,5.0402828286955925,6.938205293803525,4.473570294412477,5.605683038872015,6.085642544779675
gen1_ind18,0.25200561165527413,2025-03-30 18:59:46,5.049658594285033,5.452382834712979,2.71890414532791,1.9882129032315492,1.1611981703335434,1.7578985602850516,5.710271681586584,8.960051911155947,3.4061456137054456,1.0779629115105738,5.188246805136138,8.76841785734432
gen1_ind11,0.2509699152346736,2025-03-30 18:59:46,3.355069313666816,9.853438851630642,2.6316154610806892,0.1810688457194397,4.9779205848633215,2.928504496848662,7.654778710641609,5.317911434837158,6.72560679729157,1.5199613730395032,4.429960939892811,6.056495450536834
gen8_ind19,0.25092067724775696,2025-03-30 18:59:53,7.848318330218338,1.7721012422272835,4.536282792880327,0.1810688457194397,7.308560468996065,3.9332602577565354,3.431905648494669,7.372104666866662,0.432983288557097,3.1053819008585593,0.8017062986729927,2.0543604174285757
gen8_ind8,0.25067896826568925,2025-03-30 18:59:53,2.251839488210224,0.8989912179504448,5.008818355047672,0.1810688457194397,8.603462297126695,1.4479199803654623,3.751722738445508,7.095583897391623,7.049079421248773,5.158849602788081,3.401786513420645,0.4158172214512573
gen1_ind5,0.25020332222027475,2025-03-30 18:59:45,0.8940514998643343,1.9236724197822201,2.8913532880508286,7.984493147629769,4.9779205848633215,1.258502098458034,7.654778710641609,5.0402828286955925,5.928437522035994,1.5199613730395032,5.605683038872015,8.558961131003121
gen1_ind9,0.24808211426055934,2025-03-30 18:59:45,3.711159474636542,1.9236724197822201,2.8913532880508286,9.271407135188875,7.892927286665567,1.258502098458034,6.540025541902242,9.262491919586601,4.935036541163167,1.5199613730395032,5.605683038872015,4.858158672297534
gen2_ind9,0.24662859202525866,2025-03-30 18:59:46,3.355069313666816,9.853438851630642,2.6316154610806892,0.1810688457194397,6.843798628240402,9.335486837544597,8.293041781732814,0.5822019969806326,9.397784174686292,2.669006448878439,4.429960939892811,8.158600706848656
gen5_ind5,0.24620102396137508,2025-03-30 18:59:49,2.768047715857883,0.8989912179504448,2.8913532880508286,0.1810688457194397,3.1492074986786487,5.849612109818848,1.6751487403079155,4.574415827789351,9.509121022103296,5.49197222931132,6.097682826385436,2.0543604174285757
gen2_ind15,0.24609169099239217,2025-03-30 18:59:47,3.355069313666816,9.853438851630642,2.6316154610806892,0.1810688457194397,9.066404300353533,9.335486837544597,3.431905648494669,5.317911434837158,6.72560679729157,1.5199613730395032,4.429960939892811,6.056495450536834
gen3_ind7,0.2459631933178958,2025-03-30 18:59:47,1.022752336332984,9.383749029428289,2.6316154610806892,0.1810688457194397,5.936531333745071,9.728248354270887,3.431905648494669,0.5822019969806326,6.938205293803525,2.8302192166757942,5.605683038872015,3.0933925920914276
gen0_ind3,0.24579407947537282,2025-03-30 18:59:44,5.100500057136879,5.452382834712979,2.71890414532791,1.9882129032315492,3.2997046949892064,9.53963167282266,5.710271681586584,8.960051911155947,3.4061456137054456,1.0779629115105738,5.188246805136138,8.76841785734432
gen1_ind10,0.2455665257832983,2025-03-30 18:59:45,3.711159474636542,1.9236724197822201,2.8913532880508286,3.8615707243950417,4.9779205848633215,6.798335668611704,2.844641452420061,9.129314308862607,6.325767458286631,1.5199613730395032,5.605683038872015,2.0543604174285757
gen2_ind12,0.2448700779339871,2025-03-30 18:59:47,5.049658594285033,5.452382834712979,2.71890414532791,4.269124080801214,1.1611981703335434,8.850703024841005,8.293041781732814,7.891755879014488,6.470798678926266,1.0779629115105738,4.429960939892811,8.158600706848656
gen3_ind4,0.24399902841218257,2025-03-30 18:59:47,0.8940514998643343,1.9236724197822201,2.8913532880508286,6.713967029210589,0.7721931936152101,9.335486837544597,3.431905648494669,0.5822019969806326,5.940272461425961,2.7572314713240917,6.097682826385436,6.032579832947711
gen9_ind14,0.24361339655928022,2025-03-30 18:59:54,4.854482390956769,0.8989912179504448,7.478010811851149,0.1810688457194397,8.603462297126695,1.4479199803654623,3.431905648494669,4.385260837353411,3.871454173974825,9.474169727746862,4.429960939892811,6.8201336702169755
gen0_ind18,0.24307016340767304,2025-03-30 18:59:45,2.2025220285722162,6.769729523888054,5.544415704601506,4.539096088891925,2.247483170479424,7.391108184980284,8.926499375098238,9.711858303121762,6.325767458286631,1.1188093635010297,7.008851852398535,9.928862574800123
gen1_ind13,0.2429644852820278,2025-03-30 18:59:46,7.0862617730996496,0.8989912179504448,3.9747837218548607,7.699608350486864,7.892927286665567,9.35765880333342,6.540025541902242,8.839984650463295,0.4506497698488202,2.2443217310200883,5.408189121017236,0.14154102924808673
gen8_ind13,0.24235755477799872,2025-03-30 18:59:53,7.848318330218338,0.8989912179504448,6.925274585510554,5.292452798150719,8.603462297126695,7.393831766230841,3.431905648494669,0.5822019969806326,6.688347231740136,4.95662095540319,0.6920831599285094,2.0543604174285757
gen5_ind14,0.2416197915803427,2025-03-30 18:59:50,2.445997096473248,4.921782142983266,2.8913532880508286,0.1810688457194397,6.843798628240402,4.104158241497072,3.431905648494669,0.5822019969806326,5.940272461425961,5.813470317966303,4.429960939892811,4.412745877509563
gen2_ind5,0.24156697998925528,2025-03-30 18:59:46,3.914053485387772,9.853438851630642,7.189554545282417,0.8882018448160425,8.654761182305796,8.921813722153082,3.431905648494669,0.5822019969806326,5.940272461425961,2.8302192166757942,0.8017062986729927,3.0933925920914276
gen6_ind11,0.24071950399112071,2025-03-30 18:59:51,3.9396087837548386,0.8989912179504448,3.070055156656051,2.9002502071175145,3.1492074986786487,1.4479199803654623,3.431905648494669,0.5822019969806326,7.049079421248773,9.165142130860461,0.8017062986729927,2.0543604174285757
gen3_ind9,0.24032201808870912,2025-03-30 18:59:47,9.365020184170653,1.9236724197822201,2.8913532880508286,0.1810688457194397,9.498701137955116,9.335486837544597,3.431905648494669,0.5822019969806326,5.940272461425961,7.919992188070092,6.097682826385436,8.417304269113586
gen5_ind3,0.23645929308857647,2025-03-30 18:59:49,3.355069313666816,4.260326621795953,1.347385871761013,0.1810688457194397,6.843798628240402,9.335486837544597,8.760642071141428,0.5822019969806326,5.940272461425961,7.438399778899562,4.429960939892811,3.0933925920914276
gen2_ind11,0.23575666310397983,2025-03-30 18:59:47,8.78751426269369,9.853438851630642,2.6316154610806892,0.1810688457194397,0.7721931936152101,0.9666840839256182,3.431905648494669,0.5822019969806326,6.72560679729157,9.107470143353664,4.429960939892811,3.0933925920914276
gen2_ind13,0.23573627732210703,2025-03-30 18:59:47,5.049658594285033,2.7767235212546115,4.071090375208144,7.699608350486864,7.892927286665567,9.35765880333342,6.540025541902242,8.839984650463295,1.3988555946019865,2.2443217310200883,0.325098017769599,7.637331476008734
gen1_ind17,0.2353736174455488,2025-03-30 18:59:46,5.049658594285033,2.7767235212546115,4.071090375208144,5.742748615129486,7.03725825355119,1.0386369597655225,1.571203619111833,3.2312704656073103,5.175998633974128,4.217057005045042,0.325098017769599,7.637331476008734
gen0_ind13,0.2328879456023571,2025-03-30 18:59:45,1.8098773261410432,0.8151124904638928,5.489880978562373,9.450555118005463,9.407982434115455,3.096574074140167,5.335596461665163,1.412440658819031,6.427841045489624,9.780996990412904,5.881568755304856,5.878045306727989
gen7_ind16,0.23243149594903792,2025-03-30 18:59:52,3.9396087837548386,4.695222832751032,3.070055156656051,0.1810688457194397,0.7721931936152101,3.9332602577565354,3.431905648494669,5.633381246992439,7.049079421248773,5.996723991732425,3.012534635880085,2.0543604174285757
gen0_ind0,0.2324085773283958,2025-03-30 18:59:44,5.049658594285033,2.7767235212546115,4.071090375208144,0.9781468764027146,1.1611981703335434,6.128833961759534,1.571203619111833,3.2312704656073103,5.175998633974128,4.989258754879153,7.438612496853406,4.755584779166172
gen1_ind6,0.23222422037104132,2025-03-30 18:59:45,3.914053485387772,5.898798655944342,3.9276642187529833,1.699057967648077,8.654761182305796,9.35765880333342,2.2628744505631424,6.470284721119233,4.24699808426998,2.8302192166757942,0.8017062986729927,0.7744728021166649
gen0_ind15,0.23206490219686052,2025-03-30 18:59:45,3.914053485387772,5.898798655944342,5.149248769719198,1.699057967648077,8.654761182305796,7.22299497360204,2.2628744505631424,6.470284721119233,4.24699808426998,2.8302192166757942,3.141531298944698,5.139901541586184
gen1_ind19,0.2320311337184953,2025-03-30 18:59:46,0.8940514998643343,6.023684926909467,2.6316154610806892,0.1810688457194397,0.4684458787557363,9.335486837544597,6.163591049603558,5.17100653413731,5.928437522035994,4.6316243771232894,4.429960939892811,8.158600706848656
gen1_ind1,0.23138442696038075,2025-03-30 18:59:45,2.7415723973875195,2.8019266771394298,3.9747837218548607,1.7048934838682002,8.72213287535535,9.35765880333342,6.540025541902242,9.262491919586601,0.4506497698488202,3.8213875918913858,9.837132346496338,4.858158672297534
gen2_ind6,0.22924362318424016,2025-03-30 18:59:46,5.049658594285033,5.452382834712979,4.071090375208144,5.742748615129486,1.1611981703335434,1.7578985602850516,7.995664193558404,3.2312704656073103,3.4061456137054456,4.217057005045042,5.188246805136138,8.76841785734432
gen1_ind15,0.22900960246572505,2025-03-30 18:59:46,0.9069890541138782,5.08248925745785,6.527151901023974,5.549047842645881,1.8119279103244523,8.631023036230467,2.997463011961151,5.914343119481857,7.5560718383889895,3.298874604927981,2.1186139946673404,6.735633566018264
gen0_ind12,0.2285010037511639,2025-03-30 18:59:45,0.9069890541138782,5.08248925745785,3.826209878060544,2.811177921652617,7.614867640755686,8.631023036230467,2.997463011961151,6.989811847878883,7.5560718383889895,3.298874604927981,9.783643279642623,6.735633566018264
gen10_ind17,0.22838966354434703,2025-03-30 18:59:55,0.9439010762772524,2.290969449073903,6.959583777297935,6.316089195341999,8.603462297126695,1.4479199803654623,4.835912589307426,3.1007714222416043,7.049079421248773,7.323946934723871,0.8017062986729927,0.36371849174886217
gen0_ind4,0.22718788264847073,2025-03-30 18:59:44,4.921466073575219,3.6589784147159192,4.264904583664724,6.632599122198204,5.3327985663766055,2.004816250409425,4.673087643587371,4.47157189180745,9.109999257539295,5.094655958460505,6.12827515341291,8.576301950702408
gen1_ind12,0.2267368288730391,2025-03-30 18:59:46,1.8098773261410432,2.3533977485103077,5.489880978562373,6.42126582698983,7.892927286665567,3.096574074140167,0.35602714893675114,1.412440658819031,6.427841045489624,9.780996990412904,5.881568755304856,5.878045306727989
gen4_ind10,0.22628731768021917,2025-03-30 18:59:49,3.4412001236638394,4.725847242384815,2.6316154610806892,7.557475990381123,5.121110966400385,7.600866114485937,3.431905648494669,5.0402828286955925,6.938205293803525,4.026262260719729,5.605683038872015,3.0933925920914276
gen0_ind5,0.22609222374229748,2025-03-30 18:59:44,2.540241171002511,9.306498566519776,9.423540003963893,6.523662830550505,0.24763749459651382,3.8381925827171592,8.339578664224021,9.221058988895926,7.264447869661239,3.302165688897823,8.216432148253208,2.9935660340050645
gen0_ind8,0.22605087631543191,2025-03-30 18:59:44,5.407502419937266,4.745367919640245,2.594897295127315,7.079751898446295,7.837396657251145,5.444628867540524,0.3938269659175436,4.501951158712196,8.800814054026942,5.069324226426728,1.9085023967215724,1.1638498401528672
gen2_ind19,0.22604512265086626,2025-03-30 18:59:47,3.355069313666816,9.853438851630642,2.6316154610806892,0.9713416250455125,6.785821092195377,9.335486837544597,3.431905648494669,0.737454173770854,6.72560679729157,8.138991551296021,4.429960939892811,8.158600706848656
gen0_ind6,0.2259004284903634,2025-03-30 18:59:44,4.420550064267086,9.14288623190946,4.166903020480494,6.229609854932124,3.1240580013951784,1.0386369597655225,5.456015689894453,6.034931970566218,7.856815391704554,4.217057005045042,4.954153039735703,7.637331476008734
gen0_ind2,0.2244068284362608,2025-03-30 18:59:44,0.6797151792432367,6.431557231077012,7.421474705436165,4.409010467474281,1.4061903755766574,1.400357822367673,4.1798460886361415,3.356835742220279,1.590608451551078,7.044726781107963,6.536180437586278,0.971009975380533
gen4_ind1,0.2235364573652402,2025-03-30 18:59:48,0.8940514998643343,9.853438851630642,2.71890414532791,3.8965087936891187,1.1611981703335434,6.785535842997469,5.382075003192534,6.423680366123335,5.940272461425961,4.421603813824653,5.605683038872015,8.30108637085869
gen0_ind11,0.22247666200241162,2025-03-30 18:59:45,2.9292448478927424,7.154450703851236,4.369724633578616,2.38424930283154,1.0001615250275424,8.759348359257338,6.293710497598613,1.270856284097916,8.905223022670098,8.580444821937672,8.106579067472055,4.254316822214632
gen1_ind4,0.22217653138689264,2025-03-30 18:59:45,2.7415723973875195,5.452382834712979,2.71890414532791,1.9882129032315492,4.471613894648655,9.35765880333342,5.710271681586584,8.839984650463295,3.4061456137054456,6.502285891673882,0.8017062986729927,8.76841785734432
gen0_ind9,0.22153806825060696,2025-03-30 18:59:44,4.910400090727149,3.084528028112351,7.615469364457779,7.131331182108707,8.377469790929885,8.975486442837813,7.361446104502617,6.00913995831349,0.9823519143819328,7.9021709736108425,7.964307111357187,3.0192475989269125
gen2_ind8,0.22148277064789204,2025-03-30 18:59:46,7.5381501440792205,9.853438851630642,2.6316154610806892,1.699057967648077,8.654761182305796,9.35765880333342,9.84591877170316,6.318968352033195,0.6857699062833045,5.889508726539327,5.267239354773199,3.0933925920914276
gen0_ind19,0.2202666728566516,2025-03-30 18:59:45,1.5611222901159731,7.401467053738908,1.4450147254005852,9.997704328283096,4.144378300220995,5.114967583858801,1.5508730018654329,6.953596046445498,7.039196442939571,6.964008259589946,0.6493151524393698,8.101437063798166
gen0_ind10,0.21907001641477844,2025-03-30 18:59:44,8.206857283027116,9.823739458859201,7.154650118185182,2.904693892987596,6.289912175110777,5.569578242345929,8.117090059929685,4.029014373724061,4.81055220986973,8.11191377173348,8.518957241220177,5.683693338057135
gen1_ind8,0.2185334899921871,2025-03-30 18:59:45,4.910400090727149,7.694289805732124,2.6316154610806892,7.131331182108707,4.572018213859032,9.335486837544597,7.661079294929053,3.764083377419866,6.72560679729157,7.9021709736108425,7.964307111357187,3.0192475989269125
